File ID	File Name	Data Category	Data Type	Project ID	Case ID	Sample ID	Sample Type
de6f1503-33d7-4f86-b835-bdffba7ea4e3	195d8bd4-352c-4407-9319-797d915c72b8.rna_seq.augmented_star_gene_counts.tsv	Transcriptome Profiling	Gene Expression Quantification	TCGA-BRCA	TCGA-BH-A0BC	TCGA-BH-A0BC-01A	Primary Tumor
99367019-5583-4bcc-aa62-25916515fe17	c28b080d-8eb9-46b7-9e40-c37409820e17.rna_seq.augmented_star_gene_counts.tsv	Transcriptome Profiling	Gene Expression Quantification	TCGA-BRCA	TCGA-AC-A5EH	TCGA-AC-A5EH-01A	Primary Tumor
268eed55-913e-470b-8940-68daae0b21aa	42b32308-71f1-4f21-935f-7e4e5751e332.rna_seq.augmented_star_gene_counts.tsv	Transcriptome Profiling	Gene Expression Quantification	TCGA-BRCA	TCGA-D8-A1JJ	TCGA-D8-A1JJ-01A	Primary Tumor
9b980569-4da2-43ee-a06a-18ee09baf41d	d6450e34-ebf4-4749-a27e-8e3139960afb.rna_seq.augmented_star_gene_counts.tsv	Transcriptome Profiling	Gene Expression Quantification	TCGA-BRCA	TCGA-A2-A0CP	TCGA-A2-A0CP-01A	Primary Tumor
3ecfecef-4180-4b7a-8d9a-5532b47ef500	c2fe2d79-efb1-4e4d-a297-bd6b15703d10.rna_seq.augmented_star_gene_counts.tsv	Transcriptome Profiling	Gene Expression Quantification	TCGA-BRCA	TCGA-D8-A145	TCGA-D8-A145-01A	Primary Tumor
9cf6e387-2b87-4f53-bb5a-d545a78f21cd	75f8fbbb-2015-47cb-94f1-eb88cdfaeae6.rna_seq.augmented_star_gene_counts.tsv	Transcriptome Profiling	Gene Expression Quantification	TCGA-BRCA	TCGA-BH-A0BA	TCGA-BH-A0BA-01A	Primary Tumor
0094f9d0-45ec-4aad-bca0-71c60bdd7113	cafc9e36-c5f0-45df-ad03-16210ff0d870.rna_seq.augmented_star_gene_counts.tsv	Transcriptome Profiling	Gene Expression Quantification	TCGA-BRCA	TCGA-E9-A1R3	TCGA-E9-A1R3-01A	Primary Tumor
800ca72f-4bd7-46d7-904b-bcda2fa3500c	c58a5583-7b04-4b67-9372-e161e18d7de1.rna_seq.augmented_star_gene_counts.tsv	Transcriptome Profiling	Gene Expression Quantification	TCGA-BRCA	TCGA-C8-A26W	TCGA-C8-A26W-01A	Primary Tumor
ee447251-5c90-426f-a0c7-bd2041189761	06a03e45-7315-4a8d-9fef-d841a4a8043c.rna_seq.augmented_star_gene_counts.tsv	Transcriptome Profiling	Gene Expression Quantification	TCGA-BRCA	TCGA-Z7-A8R5	TCGA-Z7-A8R5-01A	Primary Tumor
84e36620-ae1e-4221-84c9-3a6f1d11606d	13fc37db-3160-4e82-bd63-52fc295e0e19.rna_seq.augmented_star_gene_counts.tsv	Transcriptome Profiling	Gene Expression Quantification	TCGA-BRCA	TCGA-E2-A154	TCGA-E2-A154-01A	Primary Tumor
a1516cec-76ec-4a05-97a0-a56ef8490e60	3a814d3d-749f-4066-b33b-3faf503d84bb.rna_seq.augmented_star_gene_counts.tsv	Transcriptome Profiling	Gene Expression Quantification	TCGA-BRCA	TCGA-A8-A06Q	TCGA-A8-A06Q-01A	Primary Tumor
fed0a382-2eee-4acc-af00-53a9fdcd2a61	2c1b1cbb-6e9f-4416-8faa-abb31d6b4e0e.rna_seq.augmented_star_gene_counts.tsv	Transcriptome Profiling	Gene Expression Quantification	TCGA-BRCA	TCGA-D8-A1XL	TCGA-D8-A1XL-01A	Primary Tumor
dc8b305a-6f43-410e-9ce6-96ac24827550	e7a1cdcf-ec99-44fd-a13b-604cf15b2bd4.rna_seq.augmented_star_gene_counts.tsv	Transcriptome Profiling	Gene Expression Quantification	TCGA-BRCA	TCGA-A8-A095	TCGA-A8-A095-01A	Primary Tumor
793d3caa-8353-4536-83e5-711215bd51e9	6fb7c578-dec9-4fe8-a9bf-3888bb765658.rna_seq.augmented_star_gene_counts.tsv	Transcriptome Profiling	Gene Expression Quantification	TCGA-BRCA	TCGA-D8-A1JH	TCGA-D8-A1JH-01A	Primary Tumor
8c600781-5238-4b46-80bc-aa2710c1ed3f	c285a0ef-5076-4265-be61-98c064242718.rna_seq.augmented_star_gene_counts.tsv	Transcriptome Profiling	Gene Expression Quantification	TCGA-BRCA	TCGA-E9-A1RC	TCGA-E9-A1RC-01A	Primary Tumor
cee1efda-644b-4cee-aad2-d7f5ca93cdec	1924888b-3b46-4079-a403-d758975a37bd.rna_seq.augmented_star_gene_counts.tsv	Transcriptome Profiling	Gene Expression Quantification	TCGA-BRCA	TCGA-A8-A08O	TCGA-A8-A08O-01A	Primary Tumor
fdd73b76-517e-4554-ba4d-1c67b1b758f8	fc5b682e-c00d-4840-8c11-f17abe059fa8.rna_seq.augmented_star_gene_counts.tsv	Transcriptome Profiling	Gene Expression Quantification	TCGA-BRCA	TCGA-B6-A0RN	TCGA-B6-A0RN-01A	Primary Tumor
4ef3b472-5fce-4e6a-a835-659cc3fee694	cf122ae0-0be8-43dd-a0b9-01fff585186f.rna_seq.augmented_star_gene_counts.tsv	Transcriptome Profiling	Gene Expression Quantification	TCGA-BRCA	TCGA-BH-A0BO	TCGA-BH-A0BO-01A	Primary Tumor
9ccdf2cc-ca01-4ef7-bed9-f955fd0396c2	1d65448f-dcba-432b-98d5-f7e87de4f9f6.rna_seq.augmented_star_gene_counts.tsv	Transcriptome Profiling	Gene Expression Quantification	TCGA-BRCA	TCGA-BH-A0EA	TCGA-BH-A0EA-01A	Primary Tumor
e0ec172b-4ad3-43a5-aa90-6d64ebca1a76	24747d11-c715-48f3-821b-f6dbd6a890fb.rna_seq.augmented_star_gene_counts.tsv	Transcriptome Profiling	Gene Expression Quantification	TCGA-BRCA	TCGA-E2-A15K	TCGA-E2-A15K-06A	Metastatic
f2842246-b121-48f0-a8c5-474a8fb47036	09f906ba-fa4b-487f-9631-fbd97d9db8f9.rna_seq.augmented_star_gene_counts.tsv	Transcriptome Profiling	Gene Expression Quantification	TCGA-BRCA	TCGA-B6-A0IK	TCGA-B6-A0IK-01A	Primary Tumor
ad4b2d76-b4bb-457d-903f-823630a4d37b	0940092b-46da-4975-bde7-f205fe12707b.rna_seq.augmented_star_gene_counts.tsv	Transcriptome Profiling	Gene Expression Quantification	TCGA-BRCA	TCGA-BH-A0H9	TCGA-BH-A0H9-01A	Primary Tumor
d5330be0-9f72-4be5-9139-8503aa4d00b4	0a133c47-fae8-4e3b-8f4d-cbf357f5e2fc.rna_seq.augmented_star_gene_counts.tsv	Transcriptome Profiling	Gene Expression Quantification	TCGA-BRCA	TCGA-A1-A0SI	TCGA-A1-A0SI-01A	Primary Tumor
be002264-f534-49b3-90d1-fd5a3f622fb2	f0024165-4df2-454e-a0cb-17720455c0c9.rna_seq.augmented_star_gene_counts.tsv	Transcriptome Profiling	Gene Expression Quantification	TCGA-BRCA	TCGA-D8-A143	TCGA-D8-A143-01A	Primary Tumor
d8a94ea1-68a3-43be-8a30-d690541a23aa	acb1bf8e-f597-4f67-b19d-bb737109d9cd.rna_seq.augmented_star_gene_counts.tsv	Transcriptome Profiling	Gene Expression Quantification	TCGA-BRCA	TCGA-E2-A15E	TCGA-E2-A15E-01A	Primary Tumor
81138059-5789-4ea7-84e9-1490aa53a283	35ded490-54db-46b8-bc62-a5a9314cf0b2.rna_seq.augmented_star_gene_counts.tsv	Transcriptome Profiling	Gene Expression Quantification	TCGA-BRCA	TCGA-BH-A0H9	TCGA-BH-A0H9-11A	Solid Tissue Normal
f377c267-d5eb-4542-bd0d-e87f957f3154	eed349c6-a5ed-4543-ae8d-67b394b26c7a.rna_seq.augmented_star_gene_counts.tsv	Transcriptome Profiling	Gene Expression Quantification	TCGA-BRCA	TCGA-D8-A1JE	TCGA-D8-A1JE-01A	Primary Tumor
f0107961-a5e1-46ec-b232-a47f0049bc5f	a2744918-6659-412c-a5e3-a02b9712890e.rna_seq.augmented_star_gene_counts.tsv	Transcriptome Profiling	Gene Expression Quantification	TCGA-BRCA	TCGA-AR-A24O	TCGA-AR-A24O-01A	Primary Tumor
76cff555-d8a3-46d1-ac93-12d856adb445	dbd18198-74a5-410d-bf38-08a0ca2fb207.rna_seq.augmented_star_gene_counts.tsv	Transcriptome Profiling	Gene Expression Quantification	TCGA-BRCA	TCGA-E2-A15K	TCGA-E2-A15K-11A	Solid Tissue Normal
e22bc31b-332f-45a1-b17c-c747179abe61	b1366128-6ab0-4205-ae2b-a854e8ad45bf.rna_seq.augmented_star_gene_counts.tsv	Transcriptome Profiling	Gene Expression Quantification	TCGA-BRCA	TCGA-E2-A15K	TCGA-E2-A15K-01A	Primary Tumor
6129ca9a-5466-4cf5-be19-a4e3134659cb	db998871-01ff-4a39-ba06-fe3fb1183584.rna_seq.augmented_star_gene_counts.tsv	Transcriptome Profiling	Gene Expression Quantification	TCGA-BRCA	TCGA-E9-A229	TCGA-E9-A229-01A	Primary Tumor
4df2233b-3bbc-4d20-9abc-2a09b3f37383	eb0f8bc7-5f47-4174-8e85-678bd011bc3c.rna_seq.augmented_star_gene_counts.tsv	Transcriptome Profiling	Gene Expression Quantification	TCGA-BRCA	TCGA-BH-A0DO	TCGA-BH-A0DO-11A	Solid Tissue Normal
69bb06b6-74b3-441b-82d7-c6783aa88cdd	b44d9209-0e37-4ffe-9c27-a969a421b3ab.rna_seq.augmented_star_gene_counts.tsv	Transcriptome Profiling	Gene Expression Quantification	TCGA-BRCA	TCGA-BH-A0DO	TCGA-BH-A0DO-01B	Primary Tumor
c00ad8a9-ed1d-4289-aa62-3e64cb574205	b47b2efb-02e1-4729-95ad-de05fb551bc7.rna_seq.augmented_star_gene_counts.tsv	Transcriptome Profiling	Gene Expression Quantification	TCGA-BRCA	TCGA-AN-A0FF	TCGA-AN-A0FF-01A	Primary Tumor
b2c326d7-25ab-42dc-afc2-bc93381062ea	defae193-bf7c-417c-b68a-57963eb454ef.rna_seq.augmented_star_gene_counts.tsv	Transcriptome Profiling	Gene Expression Quantification	TCGA-BRCA	TCGA-AC-A8OS	TCGA-AC-A8OS-01A	Primary Tumor
5b92e1c6-6265-46b5-bcf7-0c0bafe6f390	74d50556-5de8-4eff-82e6-a3ad9c70020a.rna_seq.augmented_star_gene_counts.tsv	Transcriptome Profiling	Gene Expression Quantification	TCGA-BRCA	TCGA-A8-A08Z	TCGA-A8-A08Z-01A	Primary Tumor
774133e2-dfca-4918-9be9-8727fc99fe26	666548b5-7b80-42af-80f3-207063c35b3b.rna_seq.augmented_star_gene_counts.tsv	Transcriptome Profiling	Gene Expression Quantification	TCGA-BRCA	TCGA-A8-A096	TCGA-A8-A096-01A	Primary Tumor
4d0dcaac-cf91-4737-931d-f308fb20df9d	a0baf653-6f10-46fe-959c-54268fbc670e.rna_seq.augmented_star_gene_counts.tsv	Transcriptome Profiling	Gene Expression Quantification	TCGA-BRCA	TCGA-E2-A1BC	TCGA-E2-A1BC-01A	Primary Tumor
c6a4afd8-8044-475f-b4fd-a1b4cb922976	58bcabc9-6f6b-43c0-bf40-fa9396c6c9d7.rna_seq.augmented_star_gene_counts.tsv	Transcriptome Profiling	Gene Expression Quantification	TCGA-BRCA	TCGA-E2-A1BC	TCGA-E2-A1BC-11A	Solid Tissue Normal
35f78d43-917b-4a7b-b992-d004056a370f	87c074cd-bcd8-4280-a12e-b205f50e139c.rna_seq.augmented_star_gene_counts.tsv	Transcriptome Profiling	Gene Expression Quantification	TCGA-BRCA	TCGA-E2-A15C	TCGA-E2-A15C-01A	Primary Tumor
ea4c3031-5f48-4048-90ff-a525271cfebc	671bc03b-e3a8-45f6-88e4-ce138c716886.rna_seq.augmented_star_gene_counts.tsv	Transcriptome Profiling	Gene Expression Quantification	TCGA-BRCA	TCGA-BH-A0W5	TCGA-BH-A0W5-01A	Primary Tumor
d27acb8c-2551-4ea7-8c09-f211cb4a9ec0	1cc7480c-76e1-42d1-8593-49b356ef624e.rna_seq.augmented_star_gene_counts.tsv	Transcriptome Profiling	Gene Expression Quantification	TCGA-BRCA	TCGA-AR-A1AV	TCGA-AR-A1AV-01A	Primary Tumor
885098b3-2e01-4039-ad15-f3dda5c29dc6	784a9c63-9b40-4f6c-8147-93d0ed523867.rna_seq.augmented_star_gene_counts.tsv	Transcriptome Profiling	Gene Expression Quantification	TCGA-BRCA	TCGA-C8-A274	TCGA-C8-A274-01A	Primary Tumor
2a18db7b-b054-4210-b8cb-a647c26f90c1	5dfb4024-ca51-4296-9fc7-0037b7b1e27b.rna_seq.augmented_star_gene_counts.tsv	Transcriptome Profiling	Gene Expression Quantification	TCGA-BRCA	TCGA-E9-A1RI	TCGA-E9-A1RI-11A	Solid Tissue Normal
92dd3ded-2b51-4d1d-8c8a-09ed1f0b16ed	68bb844b-1bd7-4828-97d0-e284a7998cbf.rna_seq.augmented_star_gene_counts.tsv	Transcriptome Profiling	Gene Expression Quantification	TCGA-BRCA	TCGA-E9-A1RI	TCGA-E9-A1RI-01A	Primary Tumor
8849e5bf-ff35-4cbf-972c-01fb92201a73	feb7140e-d822-4462-8dfa-7a63805ac740.rna_seq.augmented_star_gene_counts.tsv	Transcriptome Profiling	Gene Expression Quantification	TCGA-BRCA	TCGA-BH-A208	TCGA-BH-A208-11A	Solid Tissue Normal
55214dd2-b3e8-444c-9d02-3db6008b1920	cfe1c805-2211-419c-bf9a-e0c8b5020dce.rna_seq.augmented_star_gene_counts.tsv	Transcriptome Profiling	Gene Expression Quantification	TCGA-BRCA	TCGA-BH-A208	TCGA-BH-A208-01A	Primary Tumor
b2fdef29-2c03-4aaf-bac8-2e1e5d07333b	7acbca97-f38d-4da8-8d82-53a8eb0a43ef.rna_seq.augmented_star_gene_counts.tsv	Transcriptome Profiling	Gene Expression Quantification	TCGA-BRCA	TCGA-A7-A26H	TCGA-A7-A26H-01A	Primary Tumor
73ac99d6-d01b-45d9-8df2-205610109911	8095ebc6-d293-4668-9d83-8b3f35dd198d.rna_seq.augmented_star_gene_counts.tsv	Transcriptome Profiling	Gene Expression Quantification	TCGA-BRCA	TCGA-AC-A23E	TCGA-AC-A23E-01A	Primary Tumor
02a0b95f-ea0f-4c0d-ba2d-9724ed9ad712	5fd42405-ebfe-4210-bc2f-d8310e3e14ee.rna_seq.augmented_star_gene_counts.tsv	Transcriptome Profiling	Gene Expression Quantification	TCGA-BRCA	TCGA-EW-A1IX	TCGA-EW-A1IX-01A	Primary Tumor
ddb7443e-0dda-40f1-9652-adc025804c85	4c6f18b9-eb4c-4b7f-90ee-0c3194407be7.rna_seq.augmented_star_gene_counts.tsv	Transcriptome Profiling	Gene Expression Quantification	TCGA-BRCA	TCGA-BH-A0EB	TCGA-BH-A0EB-01A	Primary Tumor
86ce8513-c2a6-4b5c-9811-904f0eee21a0	8b7eaa6a-3ea9-4bf4-b814-7b2e7dbb3528.rna_seq.augmented_star_gene_counts.tsv	Transcriptome Profiling	Gene Expression Quantification	TCGA-BRCA	TCGA-EW-A1J1	TCGA-EW-A1J1-01A	Primary Tumor
0f1cf3a6-6e68-440a-9744-85e44d88b61f	e6b6dada-24d1-4020-b5c0-3824670d079e.rna_seq.augmented_star_gene_counts.tsv	Transcriptome Profiling	Gene Expression Quantification	TCGA-BRCA	TCGA-E2-A1L8	TCGA-E2-A1L8-01A	Primary Tumor
cdf2bc60-591c-4219-bf96-40dd8b6c8459	6a8e570e-dd05-4c06-9ed0-52ba0727faec.rna_seq.augmented_star_gene_counts.tsv	Transcriptome Profiling	Gene Expression Quantification	TCGA-BRCA	TCGA-LL-A5YN	TCGA-LL-A5YN-01A	Primary Tumor
6efd37a6-1669-4cdd-95b6-60c688e1e236	304b7293-0a76-4028-9a18-58c87c751ceb.rna_seq.augmented_star_gene_counts.tsv	Transcriptome Profiling	Gene Expression Quantification	TCGA-BRCA	TCGA-A7-A0DB	TCGA-A7-A0DB-01A	Primary Tumor
c89590e8-8b74-4c05-a022-e21eab5cffdd	9079bad4-9d01-4eb9-999d-35ad734be2e8.rna_seq.augmented_star_gene_counts.tsv	Transcriptome Profiling	Gene Expression Quantification	TCGA-BRCA	TCGA-A7-A0DB	TCGA-A7-A0DB-01C	Primary Tumor
d7a48283-c113-4745-be6b-553966e6b457	151af32a-7367-4e35-a575-f6da31aa256a.rna_seq.augmented_star_gene_counts.tsv	Transcriptome Profiling	Gene Expression Quantification	TCGA-BRCA	TCGA-A7-A0DB	TCGA-A7-A0DB-11A	Solid Tissue Normal
e4732dd4-002a-4b37-9a56-d01d551e9cc3	9c1779d3-6e10-413b-9df9-a9378862d8c4.rna_seq.augmented_star_gene_counts.tsv	Transcriptome Profiling	Gene Expression Quantification	TCGA-BRCA	TCGA-B6-A0WW	TCGA-B6-A0WW-01A	Primary Tumor
469c052c-d2c8-4626-af1c-7276653168fe	f738acc1-0445-49e0-a279-3469620c8d4a.rna_seq.augmented_star_gene_counts.tsv	Transcriptome Profiling	Gene Expression Quantification	TCGA-BRCA	TCGA-E2-A576	TCGA-E2-A576-01A	Primary Tumor
9765934d-d954-485c-abfe-b9db59f18193	956570e5-7ed4-4d17-a830-f1bc67a7af15.rna_seq.augmented_star_gene_counts.tsv	Transcriptome Profiling	Gene Expression Quantification	TCGA-BRCA	TCGA-AR-A0TZ	TCGA-AR-A0TZ-01A	Primary Tumor
477f941f-1fb8-438f-802e-2e7fe6552fab	5e36c4a2-fc6b-418f-80ab-dbd95b26a39e.rna_seq.augmented_star_gene_counts.tsv	Transcriptome Profiling	Gene Expression Quantification	TCGA-BRCA	TCGA-E9-A295	TCGA-E9-A295-01A	Primary Tumor
c25c7ca5-8d03-4bba-b42b-c8b1042c0d48	fac3e41a-3b98-4293-855f-d23cb01522d0.rna_seq.augmented_star_gene_counts.tsv	Transcriptome Profiling	Gene Expression Quantification	TCGA-BRCA	TCGA-OK-A5Q2	TCGA-OK-A5Q2-01A	Primary Tumor
392edd04-fdec-4eb7-ba2e-cef02519c219	3daeb643-20a6-4273-b1fc-eed2a3bb5a18.rna_seq.augmented_star_gene_counts.tsv	Transcriptome Profiling	Gene Expression Quantification	TCGA-BRCA	TCGA-E9-A1RC	TCGA-E9-A1RC-11A	Solid Tissue Normal
c9bc7edd-c545-4d76-9246-1bfa043a966c	a95ecb1b-9dd9-4916-9b73-b967278f3d85.rna_seq.augmented_star_gene_counts.tsv	Transcriptome Profiling	Gene Expression Quantification	TCGA-BRCA	TCGA-A7-A5ZW	TCGA-A7-A5ZW-01A	Primary Tumor
7915bbbc-7e5b-4439-bea4-12fc7f639d6d	e1edc70f-0307-4283-9efc-77feb465c9df.rna_seq.augmented_star_gene_counts.tsv	Transcriptome Profiling	Gene Expression Quantification	TCGA-BRCA	TCGA-AQ-A1H2	TCGA-AQ-A1H2-01A	Primary Tumor
24c5fcbb-019c-4636-813b-0b9d4d1d9501	ca823082-ede5-4bfd-8498-7e492f39bcd6.rna_seq.augmented_star_gene_counts.tsv	Transcriptome Profiling	Gene Expression Quantification	TCGA-BRCA	TCGA-A2-A0EM	TCGA-A2-A0EM-01A	Primary Tumor
2c74854f-4afe-48c3-9c81-d64634c14677	4fb219d8-519a-4ce9-a3f1-28fae295424f.rna_seq.augmented_star_gene_counts.tsv	Transcriptome Profiling	Gene Expression Quantification	TCGA-BRCA	TCGA-OL-A6VQ	TCGA-OL-A6VQ-01A	Primary Tumor
c7db3ef0-0440-4fcf-a18b-c70b3f88e327	fc801acd-4b1f-46e7-bc1e-47752fb08779.rna_seq.augmented_star_gene_counts.tsv	Transcriptome Profiling	Gene Expression Quantification	TCGA-BRCA	TCGA-A8-A092	TCGA-A8-A092-01A	Primary Tumor
c003fb3b-179c-49b0-8d9a-656c4dc39901	5fc65e17-1d90-411d-b01d-f6aaa72730f9.rna_seq.augmented_star_gene_counts.tsv	Transcriptome Profiling	Gene Expression Quantification	TCGA-BRCA	TCGA-E2-A15L	TCGA-E2-A15L-01A	Primary Tumor
d393af6b-de4b-4ca6-bc06-a29068dfe086	fb1c09a7-660e-4585-85b8-5acc456563cf.rna_seq.augmented_star_gene_counts.tsv	Transcriptome Profiling	Gene Expression Quantification	TCGA-BRCA	TCGA-B6-A0X5	TCGA-B6-A0X5-01A	Primary Tumor
5711aa8f-5cd6-41d0-b469-40f049556693	c4eb8167-4c62-4a41-b9a7-f3259f945d9d.rna_seq.augmented_star_gene_counts.tsv	Transcriptome Profiling	Gene Expression Quantification	TCGA-BRCA	TCGA-C8-A278	TCGA-C8-A278-01A	Primary Tumor
7d904415-9887-4738-99ae-66dcd60084ac	063a4886-ee4d-43a9-95c1-25a0c0b2d85d.rna_seq.augmented_star_gene_counts.tsv	Transcriptome Profiling	Gene Expression Quantification	TCGA-BRCA	TCGA-A2-A0D3	TCGA-A2-A0D3-01A	Primary Tumor
165fe176-2dea-489f-92d6-34b0c6848312	16e1fcb7-863d-40c1-b2d6-365d519148f6.rna_seq.augmented_star_gene_counts.tsv	Transcriptome Profiling	Gene Expression Quantification	TCGA-BRCA	TCGA-BH-A0BA	TCGA-BH-A0BA-11A	Solid Tissue Normal
f73d3dce-d75f-4f76-b49c-99348ee641cc	1bd6dff8-ad21-4a45-b496-2d52ba995e5e.rna_seq.augmented_star_gene_counts.tsv	Transcriptome Profiling	Gene Expression Quantification	TCGA-BRCA	TCGA-OL-A5RX	TCGA-OL-A5RX-01A	Primary Tumor
70ea9273-29f3-425a-ba66-5b75db62c9b7	8f6c4058-6bdd-4f85-94ed-874966ffec55.rna_seq.augmented_star_gene_counts.tsv	Transcriptome Profiling	Gene Expression Quantification	TCGA-BRCA	TCGA-B6-A0IE	TCGA-B6-A0IE-01A	Primary Tumor
d3badb09-df1e-488e-ade9-97f1925b5649	aae57dd0-eae8-48b0-855f-2cd17c9f524d.rna_seq.augmented_star_gene_counts.tsv	Transcriptome Profiling	Gene Expression Quantification	TCGA-BRCA	TCGA-C8-A12L	TCGA-C8-A12L-01A	Primary Tumor
b5f2a171-35a3-4b7f-9221-199c589f3147	6d1979a2-956e-42d3-a192-01d872e36d22.rna_seq.augmented_star_gene_counts.tsv	Transcriptome Profiling	Gene Expression Quantification	TCGA-BRCA	TCGA-E2-A15G	TCGA-E2-A15G-01A	Primary Tumor
f11c5295-697a-46f7-91fe-b760dc9f1029	e619b307-4391-48ab-9282-7f22b14f5afe.rna_seq.augmented_star_gene_counts.tsv	Transcriptome Profiling	Gene Expression Quantification	TCGA-BRCA	TCGA-BH-A0BC	TCGA-BH-A0BC-11A	Solid Tissue Normal
c3f4adee-86da-42fa-b37a-d48d66f89e09	713df9b5-ea25-464c-b13e-fe8b61fe363d.rna_seq.augmented_star_gene_counts.tsv	Transcriptome Profiling	Gene Expression Quantification	TCGA-BRCA	TCGA-A2-A0EQ	TCGA-A2-A0EQ-01A	Primary Tumor
73edea85-f978-4c99-b9c3-fda3ffc6a065	f8efdeb0-a8f8-4e2d-a52e-43d033e4ce6f.rna_seq.augmented_star_gene_counts.tsv	Transcriptome Profiling	Gene Expression Quantification	TCGA-BRCA	TCGA-C8-A12Y	TCGA-C8-A12Y-01A	Primary Tumor
82004d79-07d3-4a01-b266-4d36353ba561	e38d31b7-ad89-4fff-93d5-05f49998727b.rna_seq.augmented_star_gene_counts.tsv	Transcriptome Profiling	Gene Expression Quantification	TCGA-BRCA	TCGA-E2-A1L6	TCGA-E2-A1L6-01A	Primary Tumor
78b9cc4c-a99b-4814-9538-3cf9515af75b	16bd1ebb-5bf9-4839-99bd-5a4d3dcad7b8.rna_seq.augmented_star_gene_counts.tsv	Transcriptome Profiling	Gene Expression Quantification	TCGA-BRCA	TCGA-A8-A09D	TCGA-A8-A09D-01A	Primary Tumor
5aba8f7f-c815-45e9-bee0-4dda9bfac07f	046c3754-b22c-4bce-93c7-29b9da173d33.rna_seq.augmented_star_gene_counts.tsv	Transcriptome Profiling	Gene Expression Quantification	TCGA-BRCA	TCGA-A2-A0CW	TCGA-A2-A0CW-01A	Primary Tumor
7efb7266-28ee-41d3-912a-b0f67135216f	3fd9c506-ed43-45db-bff4-6e968ac19564.rna_seq.augmented_star_gene_counts.tsv	Transcriptome Profiling	Gene Expression Quantification	TCGA-BRCA	TCGA-E2-A14V	TCGA-E2-A14V-01A	Primary Tumor
89dfc6f3-9f78-4e03-a2e7-e9010c7814a2	b793fa3a-f197-409f-b630-2dcba3290cce.rna_seq.augmented_star_gene_counts.tsv	Transcriptome Profiling	Gene Expression Quantification	TCGA-BRCA	TCGA-AN-A049	TCGA-AN-A049-01A	Primary Tumor
5d875fca-d1ff-4c08-9dfa-0f1e67dc586b	1467bc96-cad8-4011-962e-d43e6c725f63.rna_seq.augmented_star_gene_counts.tsv	Transcriptome Profiling	Gene Expression Quantification	TCGA-BRCA	TCGA-AR-A2LK	TCGA-AR-A2LK-01A	Primary Tumor
0d11c50a-8648-48ea-a107-e138a1d3e086	bf3ea4a0-bcd6-4e9d-acbb-3416f6ce53b7.rna_seq.augmented_star_gene_counts.tsv	Transcriptome Profiling	Gene Expression Quantification	TCGA-BRCA	TCGA-BH-A1F8	TCGA-BH-A1F8-11B	Solid Tissue Normal
3ce988e2-61c5-4f53-b9c8-cfc280649c1f	8d2f240f-43c3-4e0d-a6cc-79f6b174dace.rna_seq.augmented_star_gene_counts.tsv	Transcriptome Profiling	Gene Expression Quantification	TCGA-BRCA	TCGA-BH-A1F8	TCGA-BH-A1F8-01A	Primary Tumor
a8898537-0afa-4655-b123-78c11b90c53a	b4aad532-f92b-43d9-820c-f3c98e382225.rna_seq.augmented_star_gene_counts.tsv	Transcriptome Profiling	Gene Expression Quantification	TCGA-BRCA	TCGA-A7-A0DB	TCGA-A7-A0DB-01A	Primary Tumor
2bf56d2d-8c5e-4579-847b-03fd0ba46143	fb3713b9-fad5-4d66-b419-8f53530b14cd.rna_seq.augmented_star_gene_counts.tsv	Transcriptome Profiling	Gene Expression Quantification	TCGA-BRCA	TCGA-BH-A0DK	TCGA-BH-A0DK-11A	Solid Tissue Normal
a629c407-5141-454c-bb69-ba7e58d1febc	5a277308-f1bc-47b3-a397-aeabe9db8dc6.rna_seq.augmented_star_gene_counts.tsv	Transcriptome Profiling	Gene Expression Quantification	TCGA-BRCA	TCGA-BH-A0DK	TCGA-BH-A0DK-01A	Primary Tumor
e21262db-a694-4461-b1b0-e52c0891113a	04de1f79-fdfc-4662-bab2-a3ed667c7dea.rna_seq.augmented_star_gene_counts.tsv	Transcriptome Profiling	Gene Expression Quantification	TCGA-BRCA	TCGA-A2-A0CS	TCGA-A2-A0CS-01A	Primary Tumor
e37e5793-921d-4930-8f22-ddcd5f881fe6	82d0130a-9bea-443b-bf46-32fe0a2ce84c.rna_seq.augmented_star_gene_counts.tsv	Transcriptome Profiling	Gene Expression Quantification	TCGA-BRCA	TCGA-A7-A0CG	TCGA-A7-A0CG-01A	Primary Tumor
75d5bcb2-3055-4b6a-822c-1aa37a9f1337	b8542fa9-5521-48bc-ae1b-4e12a1744e0d.rna_seq.augmented_star_gene_counts.tsv	Transcriptome Profiling	Gene Expression Quantification	TCGA-BRCA	TCGA-A2-A0EV	TCGA-A2-A0EV-01A	Primary Tumor
66dbe196-661b-4d0e-ac48-b82fc6a67cc8	0ba03a16-3c4f-4118-91aa-53d4a7c00d38.rna_seq.augmented_star_gene_counts.tsv	Transcriptome Profiling	Gene Expression Quantification	TCGA-BRCA	TCGA-D8-A27G	TCGA-D8-A27G-01A	Primary Tumor
dcac8f3c-d282-4ac9-9194-b1461966c795	a191b96c-cc06-4a58-990b-57ee27335d5c.rna_seq.augmented_star_gene_counts.tsv	Transcriptome Profiling	Gene Expression Quantification	TCGA-BRCA	TCGA-EW-A1P0	TCGA-EW-A1P0-01A	Primary Tumor
fc0a2d23-31a3-4aab-bdd9-0abb51880043	0e2d6467-d90b-40dc-813c-fa4f8a0f4d07.rna_seq.augmented_star_gene_counts.tsv	Transcriptome Profiling	Gene Expression Quantification	TCGA-BRCA	TCGA-AN-A0AJ	TCGA-AN-A0AJ-01A	Primary Tumor
e3e859ed-2cc7-4842-a9dd-72938cd2170c	a1ba2be6-2ba6-4be5-9cc8-6db7950601c9.rna_seq.augmented_star_gene_counts.tsv	Transcriptome Profiling	Gene Expression Quantification	TCGA-BRCA	TCGA-AR-A24T	TCGA-AR-A24T-01A	Primary Tumor
c1f6f39f-db8f-4449-bfb2-d1f3f2a95d22	d4bca8f9-f63e-43bb-ab6b-7529a86afac5.rna_seq.augmented_star_gene_counts.tsv	Transcriptome Profiling	Gene Expression Quantification	TCGA-BRCA	TCGA-AR-A1AW	TCGA-AR-A1AW-01A	Primary Tumor
e5f6e803-fc44-4f0f-9f6e-562b4e7d77ca	360280b4-a4eb-40f0-ac1a-35d6858f4aeb.rna_seq.augmented_star_gene_counts.tsv	Transcriptome Profiling	Gene Expression Quantification	TCGA-BRCA	TCGA-PE-A5DD	TCGA-PE-A5DD-01A	Primary Tumor
7e0c78b6-4020-47b6-a8bf-46cf290c5c85	ce9d6d3a-9ab8-4586-a587-3d4bf00445a5.rna_seq.augmented_star_gene_counts.tsv	Transcriptome Profiling	Gene Expression Quantification	TCGA-BRCA	TCGA-BH-A2L8	TCGA-BH-A2L8-01A	Primary Tumor
90617797-d2c7-4c49-bffe-b2bea96a7cf1	cf7f5e39-f761-424f-9987-21b328afa0ae.rna_seq.augmented_star_gene_counts.tsv	Transcriptome Profiling	Gene Expression Quantification	TCGA-BRCA	TCGA-A7-A13G	TCGA-A7-A13G-11A	Solid Tissue Normal
fd121fe6-7529-4a92-a324-2186622180b3	5c66dcbd-024b-4a7b-b3aa-bbbaaf91ae78.rna_seq.augmented_star_gene_counts.tsv	Transcriptome Profiling	Gene Expression Quantification	TCGA-BRCA	TCGA-A2-A1FZ	TCGA-A2-A1FZ-01A	Primary Tumor
c3bab823-4bf2-40ea-903c-fb342067c893	187f14ba-0002-4f99-9eb1-af93cbfdd4c2.rna_seq.augmented_star_gene_counts.tsv	Transcriptome Profiling	Gene Expression Quantification	TCGA-BRCA	TCGA-BH-A1EU	TCGA-BH-A1EU-01A	Primary Tumor
71ea0cc0-d979-4efd-a670-1e8e8a329aca	0394cdb2-85e8-4cea-b572-4cb4ed779774.rna_seq.augmented_star_gene_counts.tsv	Transcriptome Profiling	Gene Expression Quantification	TCGA-BRCA	TCGA-EW-A1J2	TCGA-EW-A1J2-01A	Primary Tumor
7d5e390d-86f3-4988-9606-aeedabd31b52	fd5d7370-2c7c-4f6e-a236-e25366e463a8.rna_seq.augmented_star_gene_counts.tsv	Transcriptome Profiling	Gene Expression Quantification	TCGA-BRCA	TCGA-A2-A0T4	TCGA-A2-A0T4-01A	Primary Tumor
3eb2d652-73f5-41c0-bf73-f40e85e1ecae	eecb45f4-ea57-4aea-814e-9895d42034e9.rna_seq.augmented_star_gene_counts.tsv	Transcriptome Profiling	Gene Expression Quantification	TCGA-BRCA	TCGA-AN-A03Y	TCGA-AN-A03Y-01A	Primary Tumor
c4afcca9-94e4-4ecd-98d1-0aab86de8685	7dfcf573-5004-4c46-a269-8a07e303f873.rna_seq.augmented_star_gene_counts.tsv	Transcriptome Profiling	Gene Expression Quantification	TCGA-BRCA	TCGA-A2-A0YL	TCGA-A2-A0YL-01A	Primary Tumor
11e658a7-64e3-47ac-8993-eea0d17fc949	36e48370-2ecb-4d2c-91ab-7f7426647213.rna_seq.augmented_star_gene_counts.tsv	Transcriptome Profiling	Gene Expression Quantification	TCGA-BRCA	TCGA-E9-A1NH	TCGA-E9-A1NH-01A	Primary Tumor
b93b04d3-7526-4d65-bc15-0148e75ac225	2244c5e8-a873-4e29-abb7-e869a7d79e3f.rna_seq.augmented_star_gene_counts.tsv	Transcriptome Profiling	Gene Expression Quantification	TCGA-BRCA	TCGA-D8-A27P	TCGA-D8-A27P-01A	Primary Tumor
d2b6c967-b505-4f52-a4f7-91b6e8acbd1f	56c85bd5-c353-457a-94a9-91a3cc0ac4e0.rna_seq.augmented_star_gene_counts.tsv	Transcriptome Profiling	Gene Expression Quantification	TCGA-BRCA	TCGA-A7-A13G	TCGA-A7-A13G-01B	Primary Tumor
295d363f-0366-4102-a35c-86e4a4fe7d84	db360c44-bf72-41f4-8ca4-01c9973fce95.rna_seq.augmented_star_gene_counts.tsv	Transcriptome Profiling	Gene Expression Quantification	TCGA-BRCA	TCGA-E9-A227	TCGA-E9-A227-01A	Primary Tumor
a1a6d1dd-a1c6-4c5c-b54d-42de80680bc3	dc857517-6b3d-4008-85a4-a2b35efb1e7a.rna_seq.augmented_star_gene_counts.tsv	Transcriptome Profiling	Gene Expression Quantification	TCGA-BRCA	TCGA-5L-AAT0	TCGA-5L-AAT0-01A	Primary Tumor
55f42211-4119-40a3-b5e4-329e913ef910	9f5a0552-a0a1-4aa7-a32d-7a1951889cdd.rna_seq.augmented_star_gene_counts.tsv	Transcriptome Profiling	Gene Expression Quantification	TCGA-BRCA	TCGA-A2-A0YK	TCGA-A2-A0YK-01A	Primary Tumor
ed1497db-7c6f-4bd2-83ed-ee05fa286f8b	ca701a41-b397-48b7-bad4-09ef8b4eb462.rna_seq.augmented_star_gene_counts.tsv	Transcriptome Profiling	Gene Expression Quantification	TCGA-BRCA	TCGA-C8-A130	TCGA-C8-A130-01A	Primary Tumor
744a6d3d-b666-49aa-8d26-47f34e3d1eb5	94027f46-390c-4dda-ab89-cb1ac0a291cd.rna_seq.augmented_star_gene_counts.tsv	Transcriptome Profiling	Gene Expression Quantification	TCGA-BRCA	TCGA-BH-A18H	TCGA-BH-A18H-01A	Primary Tumor
cdfe79d9-a0bd-4700-937f-07bd0ee51d73	61348250-68d8-4cef-b6f9-68a68d35508f.rna_seq.augmented_star_gene_counts.tsv	Transcriptome Profiling	Gene Expression Quantification	TCGA-BRCA	TCGA-B6-A0RG	TCGA-B6-A0RG-01A	Primary Tumor
da7f48b2-3bed-4824-8de7-187d0b22f54d	0a72c39e-889a-4990-bf96-6c7b9b8c1124.rna_seq.augmented_star_gene_counts.tsv	Transcriptome Profiling	Gene Expression Quantification	TCGA-BRCA	TCGA-C8-A1HF	TCGA-C8-A1HF-01A	Primary Tumor
699e47b8-5396-43eb-927d-8d05b0e79644	1dd6852b-2456-4576-9b22-f7604277c955.rna_seq.augmented_star_gene_counts.tsv	Transcriptome Profiling	Gene Expression Quantification	TCGA-BRCA	TCGA-BH-A203	TCGA-BH-A203-11A	Solid Tissue Normal
a701ab46-0745-4f23-8723-df5846e8806f	29246ea5-44e5-43d3-be04-c038c20db027.rna_seq.augmented_star_gene_counts.tsv	Transcriptome Profiling	Gene Expression Quantification	TCGA-BRCA	TCGA-A2-A04T	TCGA-A2-A04T-01A	Primary Tumor
26caf8b1-0202-4656-9bb9-4a80ffc94118	1516c4ec-98c0-41dc-9ad1-86cc05305fc1.rna_seq.augmented_star_gene_counts.tsv	Transcriptome Profiling	Gene Expression Quantification	TCGA-BRCA	TCGA-E2-A1IL	TCGA-E2-A1IL-01A	Primary Tumor
cee943a8-ea26-4b2f-b8a4-66300ccacfb5	7eb5f037-355b-4a38-b22b-a5e1f41ff1e9.rna_seq.augmented_star_gene_counts.tsv	Transcriptome Profiling	Gene Expression Quantification	TCGA-BRCA	TCGA-A8-A07B	TCGA-A8-A07B-01A	Primary Tumor
068841a8-af6a-4925-bad0-586005f59521	f09cc0c7-2896-479b-84db-401f14780092.rna_seq.augmented_star_gene_counts.tsv	Transcriptome Profiling	Gene Expression Quantification	TCGA-BRCA	TCGA-A8-A06U	TCGA-A8-A06U-01A	Primary Tumor
cf089a52-2196-422d-affa-a5f434edd134	4d7842e5-9d8b-433a-a768-7a40129bdd0d.rna_seq.augmented_star_gene_counts.tsv	Transcriptome Profiling	Gene Expression Quantification	TCGA-BRCA	TCGA-A8-A08L	TCGA-A8-A08L-01A	Primary Tumor
318c3a49-64bc-4704-8739-d4cf31cef51f	1d18e4b7-83a5-4c40-94ef-f77c1ba2fdbb.rna_seq.augmented_star_gene_counts.tsv	Transcriptome Profiling	Gene Expression Quantification	TCGA-BRCA	TCGA-C8-A12U	TCGA-C8-A12U-01A	Primary Tumor
e4e099ea-7207-48b8-a578-d5e6d83054b0	c7e61a1c-fad6-4fc1-ba1a-49189d4fc0f1.rna_seq.augmented_star_gene_counts.tsv	Transcriptome Profiling	Gene Expression Quantification	TCGA-BRCA	TCGA-A8-A0A7	TCGA-A8-A0A7-01A	Primary Tumor
cba08218-0a7b-4425-8776-b240fac9b6cf	fd71e0e9-e77a-465b-b118-b1f9665d5797.rna_seq.augmented_star_gene_counts.tsv	Transcriptome Profiling	Gene Expression Quantification	TCGA-BRCA	TCGA-AR-A5QM	TCGA-AR-A5QM-01A	Primary Tumor
84ab5edd-38bf-4987-b9af-fa4d1cbdef2c	774f5688-bad0-4a78-b26a-7aceb353e603.rna_seq.augmented_star_gene_counts.tsv	Transcriptome Profiling	Gene Expression Quantification	TCGA-BRCA	TCGA-A8-A07Z	TCGA-A8-A07Z-01A	Primary Tumor
9218f3a6-1ae1-4898-8be4-2335a204aae7	c5c93338-4046-4247-b5c2-ef133609797e.rna_seq.augmented_star_gene_counts.tsv	Transcriptome Profiling	Gene Expression Quantification	TCGA-BRCA	TCGA-BH-A0W7	TCGA-BH-A0W7-01A	Primary Tumor
67eceef4-f870-47a0-82d8-b39aa3282bd3	8087339c-4fdc-42e4-94ff-299a59ae88a3.rna_seq.augmented_star_gene_counts.tsv	Transcriptome Profiling	Gene Expression Quantification	TCGA-BRCA	TCGA-D8-A1JU	TCGA-D8-A1JU-01A	Primary Tumor
e3cfb618-5ed2-4841-b7c1-a9f049ac8f9d	021d9e06-9d27-400c-8776-08e89c817b46.rna_seq.augmented_star_gene_counts.tsv	Transcriptome Profiling	Gene Expression Quantification	TCGA-BRCA	TCGA-GM-A2DD	TCGA-GM-A2DD-01A	Primary Tumor
f7a47166-9593-4a37-b95a-2de86b6d65c9	511ced4c-a861-4f26-9e29-afcf8d603fab.rna_seq.augmented_star_gene_counts.tsv	Transcriptome Profiling	Gene Expression Quantification	TCGA-BRCA	TCGA-BH-A0BD	TCGA-BH-A0BD-01A	Primary Tumor
6d505305-dc5f-4dc7-8721-817f444ff7ee	d681e327-7e74-4f6a-811f-e006470e568f.rna_seq.augmented_star_gene_counts.tsv	Transcriptome Profiling	Gene Expression Quantification	TCGA-BRCA	TCGA-AN-A04C	TCGA-AN-A04C-01A	Primary Tumor
0ca579b1-763e-4f6a-a071-c6514aaa2f11	c93e78f6-1c35-4139-a6b4-c29c229c8b68.rna_seq.augmented_star_gene_counts.tsv	Transcriptome Profiling	Gene Expression Quantification	TCGA-BRCA	TCGA-BH-A0GY	TCGA-BH-A0GY-01A	Primary Tumor
fd4bd1de-fc4a-42bc-aca5-5ac16ec14118	8634f872-177a-481f-ba51-62864c569001.rna_seq.augmented_star_gene_counts.tsv	Transcriptome Profiling	Gene Expression Quantification	TCGA-BRCA	TCGA-A2-A25C	TCGA-A2-A25C-01A	Primary Tumor
da333184-1ddd-4cd7-9c0d-e4526a03a1c9	c102587f-0390-4dd5-8b35-d819e0083134.rna_seq.augmented_star_gene_counts.tsv	Transcriptome Profiling	Gene Expression Quantification	TCGA-BRCA	TCGA-A8-A0A9	TCGA-A8-A0A9-01A	Primary Tumor
e1a528ee-1bec-4aa5-bb9c-9d0af3ba4108	18cbd510-bce2-4370-a00f-939d562ba7de.rna_seq.augmented_star_gene_counts.tsv	Transcriptome Profiling	Gene Expression Quantification	TCGA-BRCA	TCGA-A7-A6VX	TCGA-A7-A6VX-01A	Primary Tumor
a2837f64-2441-4d31-befc-514f8526b1f7	1729f18b-f4d7-4e1c-af9f-2c651023e7fc.rna_seq.augmented_star_gene_counts.tsv	Transcriptome Profiling	Gene Expression Quantification	TCGA-BRCA	TCGA-AN-A03X	TCGA-AN-A03X-01A	Primary Tumor
a8fa9282-6695-477a-8202-73882cdfa8f7	77e4a7c3-f2cd-4b5e-8c18-bfa3ce91cf56.rna_seq.augmented_star_gene_counts.tsv	Transcriptome Profiling	Gene Expression Quantification	TCGA-BRCA	TCGA-D8-A73U	TCGA-D8-A73U-01A	Primary Tumor
59915f69-8e37-44a8-a8f6-feb9e06b6703	e6e7d36e-b6c6-4e54-95ee-ee20e6f1f80e.rna_seq.augmented_star_gene_counts.tsv	Transcriptome Profiling	Gene Expression Quantification	TCGA-BRCA	TCGA-A8-A081	TCGA-A8-A081-01A	Primary Tumor
8a84b9a5-d453-416b-b481-f15402c2eb54	8c0d18d4-98f5-4a66-b62e-7cede666c49f.rna_seq.augmented_star_gene_counts.tsv	Transcriptome Profiling	Gene Expression Quantification	TCGA-BRCA	TCGA-BH-A1EU	TCGA-BH-A1EU-11A	Solid Tissue Normal
0682b5b9-8529-4152-b6f9-1a13180eedee	d5066dc8-74bb-415a-84aa-9f74b61faa20.rna_seq.augmented_star_gene_counts.tsv	Transcriptome Profiling	Gene Expression Quantification	TCGA-BRCA	TCGA-D8-A3Z6	TCGA-D8-A3Z6-01A	Primary Tumor
67347e29-6d43-4234-8b04-188be7e6440b	85caaa0e-2811-46d2-b934-d9f9f006afc6.rna_seq.augmented_star_gene_counts.tsv	Transcriptome Profiling	Gene Expression Quantification	TCGA-BRCA	TCGA-E2-A14Y	TCGA-E2-A14Y-01A	Primary Tumor
35fd75aa-21e8-49c0-8b40-159839c3cc19	7de22a44-8f58-4a73-90a3-a16d161160e8.rna_seq.augmented_star_gene_counts.tsv	Transcriptome Profiling	Gene Expression Quantification	TCGA-BRCA	TCGA-BH-A0BT	TCGA-BH-A0BT-01A	Primary Tumor
da84f488-af86-4472-bf87-063a9137e1db	8aed99b7-de49-4e7e-8fb3-17d897c03e00.rna_seq.augmented_star_gene_counts.tsv	Transcriptome Profiling	Gene Expression Quantification	TCGA-BRCA	TCGA-BH-A0BT	TCGA-BH-A0BT-11A	Solid Tissue Normal
5fcd0660-3e77-4a56-af19-01045301708c	60e5b5de-ba65-46c7-82ee-8181628f0cbd.rna_seq.augmented_star_gene_counts.tsv	Transcriptome Profiling	Gene Expression Quantification	TCGA-BRCA	TCGA-B6-A0RQ	TCGA-B6-A0RQ-01A	Primary Tumor
d4943f66-388e-4c86-b61a-5ef9fef34eff	240a1e61-5188-4249-b6dd-d6e0d7935d8d.rna_seq.augmented_star_gene_counts.tsv	Transcriptome Profiling	Gene Expression Quantification	TCGA-BRCA	TCGA-A7-A13G	TCGA-A7-A13G-01A	Primary Tumor
664d7ba8-9b87-4f17-b98d-8e07dea3c488	cb024f71-c708-498b-9196-2fe57acf3771.rna_seq.augmented_star_gene_counts.tsv	Transcriptome Profiling	Gene Expression Quantification	TCGA-BRCA	TCGA-E2-A1IF	TCGA-E2-A1IF-01A	Primary Tumor
a8ab2eb8-9da3-494f-b740-dc3f4185acb2	04026251-0cf6-4889-83b4-8a46881470b5.rna_seq.augmented_star_gene_counts.tsv	Transcriptome Profiling	Gene Expression Quantification	TCGA-BRCA	TCGA-A8-A09C	TCGA-A8-A09C-01A	Primary Tumor
ed0aae7b-f815-4dc8-a98f-5844602cbaea	b773c30d-f37b-4aee-8330-a159d42d3019.rna_seq.augmented_star_gene_counts.tsv	Transcriptome Profiling	Gene Expression Quantification	TCGA-BRCA	TCGA-A8-A07G	TCGA-A8-A07G-01A	Primary Tumor
3253f315-5ea3-44fc-899f-f9e8f5b6fa96	01f6286b-8422-4f16-bec3-871c86396790.rna_seq.augmented_star_gene_counts.tsv	Transcriptome Profiling	Gene Expression Quantification	TCGA-BRCA	TCGA-LL-A50Y	TCGA-LL-A50Y-01A	Primary Tumor
f7619693-b880-408e-8be5-f266f61a403e	a2b566c2-bdbc-41c0-a9dc-8207582e1a51.rna_seq.augmented_star_gene_counts.tsv	Transcriptome Profiling	Gene Expression Quantification	TCGA-BRCA	TCGA-AR-A2LO	TCGA-AR-A2LO-01A	Primary Tumor
4bf6ebc1-575d-49e4-9f66-068b537373c0	767425eb-9fa2-45bc-a3ad-ca8dbafd373f.rna_seq.augmented_star_gene_counts.tsv	Transcriptome Profiling	Gene Expression Quantification	TCGA-BRCA	TCGA-BH-A203	TCGA-BH-A203-01A	Primary Tumor
5223fb98-dd63-4c20-a7c0-02e0b13ccb33	7b7c91b5-0358-4d09-af89-26a791d7a23a.rna_seq.augmented_star_gene_counts.tsv	Transcriptome Profiling	Gene Expression Quantification	TCGA-BRCA	TCGA-C8-A1HE	TCGA-C8-A1HE-01A	Primary Tumor
b54476c3-f6f1-4474-b447-72023ba97687	65c868ba-94ed-43f2-bfd1-814979ee9486.rna_seq.augmented_star_gene_counts.tsv	Transcriptome Profiling	Gene Expression Quantification	TCGA-BRCA	TCGA-AO-A0J5	TCGA-AO-A0J5-01A	Primary Tumor
7b188e2a-4a56-49f9-b527-cd61a646f6c7	cd215363-3f4a-4928-9dbb-60735f4c27ce.rna_seq.augmented_star_gene_counts.tsv	Transcriptome Profiling	Gene Expression Quantification	TCGA-BRCA	TCGA-BH-A0EE	TCGA-BH-A0EE-01A	Primary Tumor
57a43ef5-102a-4cd9-833d-00a2daf4e56a	ac175796-57dc-4de1-b6a2-eb71416e4c47.rna_seq.augmented_star_gene_counts.tsv	Transcriptome Profiling	Gene Expression Quantification	TCGA-BRCA	TCGA-E2-A1BD	TCGA-E2-A1BD-01A	Primary Tumor
ecbec59f-397d-493c-a5f6-0dd47aea96ae	343a3d35-e60e-4326-bbf8-2bf722c22ccc.rna_seq.augmented_star_gene_counts.tsv	Transcriptome Profiling	Gene Expression Quantification	TCGA-BRCA	TCGA-E2-A15E	TCGA-E2-A15E-06A	Metastatic
